"filename", "language", "Java", "Markdown", "XML", "ANTLR", "comment", "blank", "total"
"c:\Users\class\Cyclone\README.md", "Markdown", 0, 55, 0, 0, 0, 10, 65
"c:\Users\class\Cyclone\build.xml", "XML", 0, 0, 80, 0, 5, 12, 97
"c:\Users\class\Cyclone\build\classes\org\nuim\cyclone\compiler\MachineCompiler.class", "Java", 50, 0, 0, 0, 0, 0, 50
"c:\Users\class\Cyclone\build\classes\org\nuim\cyclone\model\Assignment.class", "Java", 36, 0, 0, 0, 0, 0, 36
"c:\Users\class\Cyclone\build\classes\org\nuim\cyclone\model\Element.class", "Java", 5, 0, 0, 0, 0, 0, 5
"c:\Users\class\Cyclone\build\classes\org\nuim\cyclone\model\ErrorLog.class", "Java", 14, 0, 0, 0, 0, 0, 14
"c:\Users\class\Cyclone\build\classes\org\nuim\cyclone\model\Expression.class", "Java", 24, 0, 0, 0, 0, 0, 24
"c:\Users\class\Cyclone\build\classes\org\nuim\cyclone\model\GlobalVariables.class", "Java", 19, 0, 0, 0, 0, 0, 19
"c:\Users\class\Cyclone\build\classes\org\nuim\cyclone\model\IdentExpr.class", "Java", 20, 0, 0, 0, 0, 0, 20
"c:\Users\class\Cyclone\build\classes\org\nuim\cyclone\model\InvalidSpecException.class", "Java", 25, 0, 0, 0, 0, 0, 25
"c:\Users\class\Cyclone\build\classes\org\nuim\cyclone\model\Invariant.class", "Java", 13, 0, 0, 0, 0, 0, 13
"c:\Users\class\Cyclone\build\classes\org\nuim\cyclone\model\Machine.class", "Java", 53, 0, 0, 0, 0, 1, 54
"c:\Users\class\Cyclone\build\classes\org\nuim\cyclone\model\MemberAccessor.class", "Java", 18, 0, 0, 0, 0, 0, 18
"c:\Users\class\Cyclone\build\classes\org\nuim\cyclone\model\NamedElement.class", "Java", 10, 0, 0, 0, 0, 0, 10
"c:\Users\class\Cyclone\build\classes\org\nuim\cyclone\model\OpExpr.class", "Java", 38, 0, 0, 0, 0, 0, 38
"c:\Users\class\Cyclone\build\classes\org\nuim\cyclone\model\SrcInfo.class", "Java", 15, 0, 0, 0, 0, 0, 15
"c:\Users\class\Cyclone\build\classes\org\nuim\cyclone\model\State.class", "Java", 44, 0, 0, 0, 0, 2, 46
"c:\Users\class\Cyclone\build\classes\org\nuim\cyclone\model\StateModifier$1.class", "Java", 8, 0, 0, 0, 0, 0, 8
"c:\Users\class\Cyclone\build\classes\org\nuim\cyclone\model\StateModifier$2.class", "Java", 7, 0, 0, 0, 0, 0, 7
"c:\Users\class\Cyclone\build\classes\org\nuim\cyclone\model\StateModifier$3.class", "Java", 6, 0, 0, 0, 0, 0, 6
"c:\Users\class\Cyclone\build\classes\org\nuim\cyclone\model\StateModifier$4.class", "Java", 6, 0, 0, 0, 0, 0, 6
"c:\Users\class\Cyclone\build\classes\org\nuim\cyclone\model\StateModifier.class", "Java", 20, 0, 0, 0, 0, 0, 20
"c:\Users\class\Cyclone\build\classes\org\nuim\cyclone\model\SymTable.class", "Java", 39, 0, 0, 0, 0, 0, 39
"c:\Users\class\Cyclone\build\classes\org\nuim\cyclone\model\Transition.class", "Java", 19, 0, 0, 0, 0, 0, 19
"c:\Users\class\Cyclone\build\classes\org\nuim\cyclone\model\TypeChecker.class", "Java", 26, 0, 0, 0, 0, 0, 26
"c:\Users\class\Cyclone\build\classes\org\nuim\cyclone\model\TypeRules.class", "Java", 5, 0, 0, 0, 0, 0, 5
"c:\Users\class\Cyclone\build\classes\org\nuim\cyclone\model\Variable.class", "Java", 29, 0, 0, 0, 0, 0, 29
"c:\Users\class\Cyclone\build\classes\org\nuim\cyclone\model\operation\ArithOperator$Division.class", "Java", 14, 0, 0, 0, 0, 0, 14
"c:\Users\class\Cyclone\build\classes\org\nuim\cyclone\model\operation\ArithOperator$Minus.class", "Java", 14, 0, 0, 0, 0, 0, 14
"c:\Users\class\Cyclone\build\classes\org\nuim\cyclone\model\operation\ArithOperator$MinusMinus.class", "Java", 15, 0, 0, 0, 0, 0, 15
"c:\Users\class\Cyclone\build\classes\org\nuim\cyclone\model\operation\ArithOperator$Multiplication.class", "Java", 14, 0, 0, 0, 0, 0, 14
"c:\Users\class\Cyclone\build\classes\org\nuim\cyclone\model\operation\ArithOperator$Plus.class", "Java", 14, 0, 0, 0, 0, 0, 14
"c:\Users\class\Cyclone\build\classes\org\nuim\cyclone\model\operation\ArithOperator$PlusPlus.class", "Java", 14, 0, 0, 0, 0, 0, 14
"c:\Users\class\Cyclone\build\classes\org\nuim\cyclone\model\operation\ArithOperator$Remainder.class", "Java", 14, 0, 0, 0, 0, 0, 14
"c:\Users\class\Cyclone\build\classes\org\nuim\cyclone\model\operation\ArithOperator.class", "Java", 13, 0, 0, 0, 0, 0, 13
"c:\Users\class\Cyclone\build\classes\org\nuim\cyclone\model\operation\BoolOperator$And.class", "Java", 14, 0, 0, 0, 0, 0, 14
"c:\Users\class\Cyclone\build\classes\org\nuim\cyclone\model\operation\BoolOperator$Implies.class", "Java", 14, 0, 0, 0, 0, 0, 14
"c:\Users\class\Cyclone\build\classes\org\nuim\cyclone\model\operation\BoolOperator$Not.class", "Java", 14, 0, 0, 0, 0, 0, 14
"c:\Users\class\Cyclone\build\classes\org\nuim\cyclone\model\operation\BoolOperator$Or.class", "Java", 14, 0, 0, 0, 0, 0, 14
"c:\Users\class\Cyclone\build\classes\org\nuim\cyclone\model\operation\BoolOperator$Xor.class", "Java", 14, 0, 0, 0, 0, 0, 14
"c:\Users\class\Cyclone\build\classes\org\nuim\cyclone\model\operation\BoolOperator.class", "Java", 9, 0, 0, 0, 0, 0, 9
"c:\Users\class\Cyclone\build\classes\org\nuim\cyclone\model\operation\Operator.class", "Java", 83, 0, 0, 0, 0, 2, 85
"c:\Users\class\Cyclone\build\classes\org\nuim\cyclone\model\operation\OperatorNotDefinedException.class", "Java", 17, 0, 0, 0, 0, 0, 17
"c:\Users\class\Cyclone\build\classes\org\nuim\cyclone\model\operation\RelationalOperator$Greater.class", "Java", 15, 0, 0, 0, 0, 0, 15
"c:\Users\class\Cyclone\build\classes\org\nuim\cyclone\model\operation\RelationalOperator$GreaterEqual.class", "Java", 15, 0, 0, 0, 0, 0, 15
"c:\Users\class\Cyclone\build\classes\org\nuim\cyclone\model\operation\RelationalOperator$Less.class", "Java", 15, 0, 0, 0, 0, 0, 15
"c:\Users\class\Cyclone\build\classes\org\nuim\cyclone\model\operation\RelationalOperator$LessEqual.class", "Java", 15, 0, 0, 0, 0, 0, 15
"c:\Users\class\Cyclone\build\classes\org\nuim\cyclone\model\operation\RelationalOperator.class", "Java", 9, 0, 0, 0, 0, 0, 9
"c:\Users\class\Cyclone\build\classes\org\nuim\cyclone\model\operation\StdOperator$DivEqual.class", "Java", 14, 0, 0, 0, 0, 0, 14
"c:\Users\class\Cyclone\build\classes\org\nuim\cyclone\model\operation\StdOperator$Equal.class", "Java", 17, 0, 0, 0, 0, 0, 17
"c:\Users\class\Cyclone\build\classes\org\nuim\cyclone\model\operation\StdOperator$EqualEqual.class", "Java", 17, 0, 0, 0, 0, 0, 17
"c:\Users\class\Cyclone\build\classes\org\nuim\cyclone\model\operation\StdOperator$MinusEqual.class", "Java", 15, 0, 0, 0, 0, 0, 15
"c:\Users\class\Cyclone\build\classes\org\nuim\cyclone\model\operation\StdOperator$MulEqual.class", "Java", 14, 0, 0, 0, 0, 0, 14
"c:\Users\class\Cyclone\build\classes\org\nuim\cyclone\model\operation\StdOperator$NotEqual.class", "Java", 16, 0, 0, 0, 0, 0, 16
"c:\Users\class\Cyclone\build\classes\org\nuim\cyclone\model\operation\StdOperator$PlusEqual.class", "Java", 14, 0, 0, 0, 0, 0, 14
"c:\Users\class\Cyclone\build\classes\org\nuim\cyclone\model\operation\StdOperator.class", "Java", 14, 0, 0, 0, 0, 0, 14
"c:\Users\class\Cyclone\build\classes\org\nuim\cyclone\model\operation\TypeDef.class", "Java", 27, 0, 0, 0, 0, 0, 27
"c:\Users\class\Cyclone\build\classes\org\nuim\cyclone\model\operation\TypeException.class", "Java", 19, 0, 0, 0, 0, 0, 19
"c:\Users\class\Cyclone\build\classes\org\nuim\cyclone\model\type\BoolType.class", "Java", 12, 0, 0, 0, 0, 0, 12
"c:\Users\class\Cyclone\build\classes\org\nuim\cyclone\model\type\CharType.class", "Java", 12, 0, 0, 0, 0, 0, 12
"c:\Users\class\Cyclone\build\classes\org\nuim\cyclone\model\type\EnumType.class", "Java", 20, 0, 0, 0, 0, 0, 20
"c:\Users\class\Cyclone\build\classes\org\nuim\cyclone\model\type\IntType.class", "Java", 10, 0, 0, 0, 0, 0, 10
"c:\Users\class\Cyclone\build\classes\org\nuim\cyclone\model\type\NonPrimitiveType.class", "Java", 7, 0, 0, 0, 0, 0, 7
"c:\Users\class\Cyclone\build\classes\org\nuim\cyclone\model\type\ObjType.class", "Java", 5, 0, 0, 0, 0, 0, 5
"c:\Users\class\Cyclone\build\classes\org\nuim\cyclone\model\type\PrimitiveType.class", "Java", 7, 0, 0, 0, 0, 0, 7
"c:\Users\class\Cyclone\build\classes\org\nuim\cyclone\model\type\RealType.class", "Java", 12, 0, 0, 0, 0, 0, 12
"c:\Users\class\Cyclone\build\classes\org\nuim\cyclone\model\type\StringType.class", "Java", 10, 0, 0, 0, 0, 0, 10
"c:\Users\class\Cyclone\build\classes\org\nuim\cyclone\model\type\Type.class", "Java", 16, 0, 0, 0, 0, 0, 16
"c:\Users\class\Cyclone\build\classes\org\nuim\cyclone\model\type\TypeElement.class", "Java", 5, 0, 0, 0, 0, 0, 5
"c:\Users\class\Cyclone\build\classes\org\nuim\cyclone\model\type\VoidType.class", "Java", 12, 0, 0, 0, 0, 0, 12
"c:\Users\class\Cyclone\build\classes\org\nuim\cyclone\model\type\spec\GoalType.class", "Java", 9, 0, 0, 0, 0, 0, 9
"c:\Users\class\Cyclone\build\classes\org\nuim\cyclone\model\type\spec\InvType.class", "Java", 8, 0, 0, 0, 0, 0, 8
"c:\Users\class\Cyclone\build\classes\org\nuim\cyclone\model\type\spec\MachineType.class", "Java", 7, 0, 0, 0, 0, 0, 7
"c:\Users\class\Cyclone\build\classes\org\nuim\cyclone\model\type\spec\SpecType.class", "Java", 12, 0, 0, 0, 0, 0, 12
"c:\Users\class\Cyclone\build\classes\org\nuim\cyclone\model\type\spec\StateType.class", "Java", 7, 0, 0, 0, 0, 0, 7
"c:\Users\class\Cyclone\build\classes\org\nuim\cyclone\model\type\spec\TransType.class", "Java", 9, 0, 0, 0, 0, 0, 9
"c:\Users\class\Cyclone\build\classes\org\nuim\cyclone\model\value\BoolValue.class", "Java", 9, 0, 0, 0, 0, 0, 9
"c:\Users\class\Cyclone\build\classes\org\nuim\cyclone\model\value\CharValue.class", "Java", 10, 0, 0, 0, 0, 0, 10
"c:\Users\class\Cyclone\build\classes\org\nuim\cyclone\model\value\EnumValue.class", "Java", 11, 0, 0, 0, 0, 0, 11
"c:\Users\class\Cyclone\build\classes\org\nuim\cyclone\model\value\IntValue.class", "Java", 11, 0, 0, 0, 0, 0, 11
"c:\Users\class\Cyclone\build\classes\org\nuim\cyclone\model\value\RealValue.class", "Java", 10, 0, 0, 0, 0, 0, 10
"c:\Users\class\Cyclone\build\classes\org\nuim\cyclone\model\value\StringValue.class", "Java", 9, 0, 0, 0, 0, 0, 9
"c:\Users\class\Cyclone\build\classes\org\nuim\cyclone\model\value\Value.class", "Java", 22, 0, 0, 0, 0, 0, 22
"c:\Users\class\Cyclone\build\classes\org\nuim\cyclone\parser\BaseParser.class", "Java", 27, 0, 0, 0, 0, 0, 27
"c:\Users\class\Cyclone\build\classes\org\nuim\cyclone\parser\ParseErrorHandler.class", "Java", 18, 0, 0, 0, 0, 0, 18
"c:\Users\class\Cyclone\build\classes\org\nuim\cyclone\parser\ParserHelper.class", "Java", 27, 0, 0, 0, 0, 0, 27
"c:\Users\class\Cyclone\build\classes\org\nuim\cyclone\parser\StateMachineLexer$DFA14.class", "Java", 9, 0, 0, 0, 0, 0, 9
"c:\Users\class\Cyclone\build\classes\org\nuim\cyclone\parser\StateMachineLexer$DFA15.class", "Java", 18, 0, 0, 0, 0, 1, 19
"c:\Users\class\Cyclone\build\classes\org\nuim\cyclone\parser\StateMachineLexer$DFA18.class", "Java", 17, 0, 0, 0, 0, 1, 18
"c:\Users\class\Cyclone\build\classes\org\nuim\cyclone\parser\StateMachineLexer.class", "Java", 886, 0, 0, 0, 1003, 42, 1931
"c:\Users\class\Cyclone\build\classes\org\nuim\cyclone\parser\StateMachineParser.class", "Java", 733, 0, 0, 0, 0, 3, 736
"c:\Users\class\Cyclone\build\classes\org\nuim\cyclone\parser\ast\ASTAssignment.class", "Java", 19, 0, 0, 0, 0, 0, 19
"c:\Users\class\Cyclone\build\classes\org\nuim\cyclone\parser\ast\ASTBinaryExpression.class", "Java", 20, 0, 0, 0, 0, 0, 20
"c:\Users\class\Cyclone\build\classes\org\nuim\cyclone\parser\ast\ASTConditionalOrExpression.class", "Java", 9, 0, 0, 0, 0, 0, 9
"c:\Users\class\Cyclone\build\classes\org\nuim\cyclone\parser\ast\ASTContext.class", "Java", 26, 0, 0, 0, 12, 0, 38
"c:\Users\class\Cyclone\build\classes\org\nuim\cyclone\parser\ast\ASTExpression.class", "Java", 16, 0, 0, 0, 0, 0, 16
"c:\Users\class\Cyclone\build\classes\org\nuim\cyclone\parser\ast\ASTIdentifier.class", "Java", 45, 0, 0, 0, 0, 0, 45
"c:\Users\class\Cyclone\build\classes\org\nuim\cyclone\parser\ast\ASTInvariant.class", "Java", 18, 0, 0, 0, 0, 0, 18
"c:\Users\class\Cyclone\build\classes\org\nuim\cyclone\parser\ast\ASTLiteral$1.class", "Java", 8, 0, 0, 0, 0, 0, 8
"c:\Users\class\Cyclone\build\classes\org\nuim\cyclone\parser\ast\ASTLiteral$LiteralType.class", "Java", 15, 0, 0, 0, 0, 0, 15
"c:\Users\class\Cyclone\build\classes\org\nuim\cyclone\parser\ast\ASTLiteral.class", "Java", 39, 0, 0, 0, 0, 0, 39
"c:\Users\class\Cyclone\build\classes\org\nuim\cyclone\parser\ast\ASTMachine.class", "Java", 59, 0, 0, 0, 0, 2, 61
"c:\Users\class\Cyclone\build\classes\org\nuim\cyclone\parser\ast\ASTMember.class", "Java", 36, 0, 0, 0, 0, 0, 36
"c:\Users\class\Cyclone\build\classes\org\nuim\cyclone\parser\ast\ASTNode.class", "Java", 7, 0, 0, 0, 0, 0, 7
"c:\Users\class\Cyclone\build\classes\org\nuim\cyclone\parser\ast\ASTState$1.class", "Java", 10, 0, 0, 0, 0, 0, 10
"c:\Users\class\Cyclone\build\classes\org\nuim\cyclone\parser\ast\ASTState.class", "Java", 50, 0, 0, 0, 0, 0, 50
"c:\Users\class\Cyclone\build\classes\org\nuim\cyclone\parser\ast\ASTStateModifier$1.class", "Java", 7, 0, 0, 0, 0, 0, 7
"c:\Users\class\Cyclone\build\classes\org\nuim\cyclone\parser\ast\ASTStateModifier$2.class", "Java", 6, 0, 0, 0, 0, 0, 6
"c:\Users\class\Cyclone\build\classes\org\nuim\cyclone\parser\ast\ASTStateModifier$3.class", "Java", 6, 0, 0, 0, 0, 0, 6
"c:\Users\class\Cyclone\build\classes\org\nuim\cyclone\parser\ast\ASTStateModifier$4.class", "Java", 6, 0, 0, 0, 0, 0, 6
"c:\Users\class\Cyclone\build\classes\org\nuim\cyclone\parser\ast\ASTStateModifier.class", "Java", 18, 0, 0, 0, 0, 0, 18
"c:\Users\class\Cyclone\build\classes\org\nuim\cyclone\parser\ast\ASTTransition.class", "Java", 42, 0, 0, 0, 0, 0, 42
"c:\Users\class\Cyclone\build\classes\org\nuim\cyclone\parser\ast\ASTUnaryExpression.class", "Java", 19, 0, 0, 0, 0, 0, 19
"c:\Users\class\Cyclone\build\classes\org\nuim\cyclone\parser\ast\ASTVariable.class", "Java", 49, 0, 0, 0, 0, 0, 49
"c:\Users\class\Cyclone\build\classes\org\nuim\cyclone\parser\ast\ASTVariables.class", "Java", 5, 0, 0, 0, 0, 0, 5
"c:\Users\class\Cyclone\build\classes\org\nuim\cyclone\parser\ast\SemanticException.class", "Java", 23, 0, 0, 0, 0, 0, 23
"c:\Users\class\Cyclone\build\classes\org\nuim\cyclone\parser\ast\SymTable.class", "Java", 33, 0, 0, 0, 0, 0, 33
"c:\Users\class\Cyclone\build\classes\org\nuim\cyclone\parser\ast\SymTable64.class", "Java", 35, 0, 0, 0, 0, 0, 35
"c:\Users\class\Cyclone\build\classes\org\nuim\cyclone\util\BitVector.class", "Java", 43, 0, 0, 0, 0, 0, 43
"c:\Users\class\Cyclone\build\classes\org\nuim\cyclone\util\Color.class", "Java", 15, 0, 0, 0, 0, 0, 15
"c:\Users\class\Cyclone\build\classes\org\nuim\cyclone\util\ColorPrint.class", "Java", 18, 0, 0, 0, 0, 0, 18
"c:\Users\class\Cyclone\build\classes\org\nuim\cyclone\util\Entry.class", "Java", 22, 0, 0, 0, 0, 0, 22
"c:\Users\class\Cyclone\build\classes\test\test\model\ModelTest.class", "Java", 23, 0, 0, 0, 0, 0, 23
"c:\Users\class\Cyclone\build\classes\test\test\parser\ParserTest.class", "Java", 23, 0, 0, 0, 0, 0, 23
"c:\Users\class\Cyclone\details.md", "Markdown", 0, 228, 0, 0, 0, 6, 234
"c:\Users\class\Cyclone\src\AlphabetException.class", "Java", 8, 0, 0, 0, 0, 0, 8
"c:\Users\class\Cyclone\src\AlphabetException.java", "Java", 9, 0, 0, 0, 0, 5, 14
"c:\Users\class\Cyclone\src\Cyclone.class", "Java", 87, 0, 0, 0, 0, 0, 87
"c:\Users\class\Cyclone\src\Cyclone.java", "Java", 158, 0, 0, 0, 29, 47, 234
"c:\Users\class\Cyclone\src\DFA.class", "Java", 65, 0, 0, 0, 0, 0, 65
"c:\Users\class\Cyclone\src\DFA.java", "Java", 139, 0, 0, 0, 18, 29, 186
"c:\Users\class\Cyclone\src\FSM.class", "Java", 5, 0, 0, 0, 0, 0, 5
"c:\Users\class\Cyclone\src\FSM.java", "Java", 4, 0, 0, 0, 0, 2, 6
"c:\Users\class\Cyclone\src\State.class", "Java", 13, 0, 0, 0, 0, 0, 13
"c:\Users\class\Cyclone\src\State.java", "Java", 7, 0, 0, 0, 1, 4, 12
"c:\Users\class\Cyclone\src\TestCyclone.class", "Java", 64, 0, 0, 0, 0, 0, 64
"c:\Users\class\Cyclone\src\TestCyclone.java", "Java", 127, 0, 0, 0, 23, 37, 187
"c:\Users\class\Cyclone\src\org\nuim\cyclone\compiler\MachineCompiler.java", "Java", 77, 0, 0, 0, 0, 16, 93
"c:\Users\class\Cyclone\src\org\nuim\cyclone\model\Assignment.java", "Java", 56, 0, 0, 0, 3, 10, 69
"c:\Users\class\Cyclone\src\org\nuim\cyclone\model\Element.java", "Java", 5, 0, 0, 0, 0, 1, 6
"c:\Users\class\Cyclone\src\org\nuim\cyclone\model\ErrorLog.java", "Java", 17, 0, 0, 0, 5, 5, 27
"c:\Users\class\Cyclone\src\org\nuim\cyclone\model\Expression.java", "Java", 48, 0, 0, 0, 0, 10, 58
"c:\Users\class\Cyclone\src\org\nuim\cyclone\model\GlobalVariables.java", "Java", 23, 0, 0, 0, 1, 3, 27
"c:\Users\class\Cyclone\src\org\nuim\cyclone\model\IdentExpr.java", "Java", 37, 0, 0, 0, 5, 9, 51
"c:\Users\class\Cyclone\src\org\nuim\cyclone\model\InvalidSpecException.java", "Java", 26, 0, 0, 0, 0, 6, 32
"c:\Users\class\Cyclone\src\org\nuim\cyclone\model\Invariant.java", "Java", 21, 0, 0, 0, 0, 7, 28
"c:\Users\class\Cyclone\src\org\nuim\cyclone\model\Machine.java", "Java", 79, 0, 0, 0, 0, 21, 100
"c:\Users\class\Cyclone\src\org\nuim\cyclone\model\MemberAccessor.java", "Java", 30, 0, 0, 0, 0, 10, 40
"c:\Users\class\Cyclone\src\org\nuim\cyclone\model\NamedElement.java", "Java", 11, 0, 0, 0, 0, 1, 12
"c:\Users\class\Cyclone\src\org\nuim\cyclone\model\OpExpr.java", "Java", 60, 0, 0, 0, 4, 12, 76
"c:\Users\class\Cyclone\src\org\nuim\cyclone\model\SrcInfo.java", "Java", 18, 0, 0, 0, 3, 6, 27
"c:\Users\class\Cyclone\src\org\nuim\cyclone\model\State.java", "Java", 77, 0, 0, 0, 5, 22, 104
"c:\Users\class\Cyclone\src\org\nuim\cyclone\model\StateModifier.java", "Java", 23, 0, 0, 0, 4, 6, 33
"c:\Users\class\Cyclone\src\org\nuim\cyclone\model\Transition.java", "Java", 53, 0, 0, 0, 3, 12, 68
"c:\Users\class\Cyclone\src\org\nuim\cyclone\model\TypeChecker.java", "Java", 32, 0, 0, 0, 3, 8, 43
"c:\Users\class\Cyclone\src\org\nuim\cyclone\model\Variable.java", "Java", 41, 0, 0, 0, 1, 10, 52
"c:\Users\class\Cyclone\src\org\nuim\cyclone\model\operation\ArithOperator.java", "Java", 182, 0, 0, 0, 36, 47, 265
"c:\Users\class\Cyclone\src\org\nuim\cyclone\model\operation\BoolOperator.java", "Java", 89, 0, 0, 0, 18, 24, 131
"c:\Users\class\Cyclone\src\org\nuim\cyclone\model\operation\Operator.java", "Java", 84, 0, 0, 0, 12, 17, 113
"c:\Users\class\Cyclone\src\org\nuim\cyclone\model\operation\OperatorNotDefinedException.java", "Java", 16, 0, 0, 0, 0, 5, 21
"c:\Users\class\Cyclone\src\org\nuim\cyclone\model\operation\RelationalOperator.java", "Java", 137, 0, 0, 0, 24, 36, 197
"c:\Users\class\Cyclone\src\org\nuim\cyclone\model\operation\StdOperator.java", "Java", 246, 0, 0, 0, 49, 75, 370
"c:\Users\class\Cyclone\src\org\nuim\cyclone\model\operation\TypeDef.java", "Java", 34, 0, 0, 0, 3, 6, 43
"c:\Users\class\Cyclone\src\org\nuim\cyclone\model\operation\TypeException.java", "Java", 26, 0, 0, 0, 0, 8, 34
"c:\Users\class\Cyclone\src\org\nuim\cyclone\model\type\BoolType.java", "Java", 10, 0, 0, 0, 0, 4, 14
"c:\Users\class\Cyclone\src\org\nuim\cyclone\model\type\CharType.java", "Java", 10, 0, 0, 0, 0, 5, 15
"c:\Users\class\Cyclone\src\org\nuim\cyclone\model\type\EnumType.java", "Java", 24, 0, 0, 0, 0, 5, 29
"c:\Users\class\Cyclone\src\org\nuim\cyclone\model\type\IntType.java", "Java", 10, 0, 0, 0, 0, 4, 14
"c:\Users\class\Cyclone\src\org\nuim\cyclone\model\type\NonPrimitiveType.java", "Java", 6, 0, 0, 0, 0, 2, 8
"c:\Users\class\Cyclone\src\org\nuim\cyclone\model\type\ObjType.java", "Java", 3, 0, 0, 0, 3, 2, 8
"c:\Users\class\Cyclone\src\org\nuim\cyclone\model\type\PrimitiveType.java", "Java", 6, 0, 0, 0, 0, 2, 8
"c:\Users\class\Cyclone\src\org\nuim\cyclone\model\type\RealType.java", "Java", 10, 0, 0, 0, 0, 4, 14
"c:\Users\class\Cyclone\src\org\nuim\cyclone\model\type\StringType.java", "Java", 10, 0, 0, 0, 0, 5, 15
"c:\Users\class\Cyclone\src\org\nuim\cyclone\model\type\Type.java", "Java", 23, 0, 0, 0, 5, 5, 33
"c:\Users\class\Cyclone\src\org\nuim\cyclone\model\type\TypeElement.java", "Java", 5, 0, 0, 0, 1, 1, 7
"c:\Users\class\Cyclone\src\org\nuim\cyclone\model\type\VoidType.java", "Java", 10, 0, 0, 0, 0, 4, 14
"c:\Users\class\Cyclone\src\org\nuim\cyclone\model\type\spec\GoalType.java", "Java", 10, 0, 0, 0, 0, 3, 13
"c:\Users\class\Cyclone\src\org\nuim\cyclone\model\type\spec\InvType.java", "Java", 8, 0, 0, 0, 0, 4, 12
"c:\Users\class\Cyclone\src\org\nuim\cyclone\model\type\spec\MachineType.java", "Java", 10, 0, 0, 0, 0, 4, 14
"c:\Users\class\Cyclone\src\org\nuim\cyclone\model\type\spec\SpecType.java", "Java", 11, 0, 0, 0, 3, 5, 19
"c:\Users\class\Cyclone\src\org\nuim\cyclone\model\type\spec\StateType.java", "Java", 7, 0, 0, 0, 0, 4, 11
"c:\Users\class\Cyclone\src\org\nuim\cyclone\model\type\spec\TransType.java", "Java", 8, 0, 0, 0, 0, 4, 12
"c:\Users\class\Cyclone\src\org\nuim\cyclone\model\value\BoolValue.java", "Java", 14, 0, 0, 0, 0, 5, 19
"c:\Users\class\Cyclone\src\org\nuim\cyclone\model\value\CharValue.java", "Java", 14, 0, 0, 0, 0, 7, 21
"c:\Users\class\Cyclone\src\org\nuim\cyclone\model\value\EnumValue.java", "Java", 18, 0, 0, 0, 0, 5, 23
"c:\Users\class\Cyclone\src\org\nuim\cyclone\model\value\IntValue.java", "Java", 14, 0, 0, 0, 0, 6, 20
"c:\Users\class\Cyclone\src\org\nuim\cyclone\model\value\RealValue.java", "Java", 14, 0, 0, 0, 0, 6, 20
"c:\Users\class\Cyclone\src\org\nuim\cyclone\model\value\StringValue.java", "Java", 14, 0, 0, 0, 0, 6, 20
"c:\Users\class\Cyclone\src\org\nuim\cyclone\model\value\Value.java", "Java", 14, 0, 0, 0, 4, 2, 20
"c:\Users\class\Cyclone\src\org\nuim\cyclone\parser\BaseParser.java", "Java", 42, 0, 0, 0, 11, 14, 67
"c:\Users\class\Cyclone\src\org\nuim\cyclone\parser\ParseErrorHandler.java", "Java", 28, 0, 0, 0, 12, 10, 50
"c:\Users\class\Cyclone\src\org\nuim\cyclone\parser\ParserHelper.java", "Java", 82, 0, 0, 0, 5, 12, 99
"c:\Users\class\Cyclone\src\org\nuim\cyclone\parser\StateMachine.g", "ANTLR", 0, 0, 0, 1078, 28, 67, 1173
"c:\Users\class\Cyclone\src\org\nuim\cyclone\parser\StateMachineLexer.java", "Java", 10019, 0, 0, 0, 1216, 1296, 12531
"c:\Users\class\Cyclone\src\org\nuim\cyclone\parser\StateMachineParser.java", "Java", 2090, 0, 0, 0, 275, 839, 3204
"c:\Users\class\Cyclone\src\org\nuim\cyclone\parser\ast\ASTAssignment.java", "Java", 26, 0, 0, 0, 5, 11, 42
"c:\Users\class\Cyclone\src\org\nuim\cyclone\parser\ast\ASTBinaryExpression.java", "Java", 27, 0, 0, 0, 0, 6, 33
"c:\Users\class\Cyclone\src\org\nuim\cyclone\parser\ast\ASTConditionalOrExpression.java", "Java", 10, 0, 0, 0, 0, 3, 13
"c:\Users\class\Cyclone\src\org\nuim\cyclone\parser\ast\ASTContext.java", "Java", 86, 0, 0, 0, 11, 24, 121
"c:\Users\class\Cyclone\src\org\nuim\cyclone\parser\ast\ASTExpression.java", "Java", 18, 0, 0, 0, 0, 4, 22
"c:\Users\class\Cyclone\src\org\nuim\cyclone\parser\ast\ASTIdentifier.java", "Java", 59, 0, 0, 0, 4, 8, 71
"c:\Users\class\Cyclone\src\org\nuim\cyclone\parser\ast\ASTInvariant.java", "Java", 27, 0, 0, 0, 0, 8, 35
"c:\Users\class\Cyclone\src\org\nuim\cyclone\parser\ast\ASTLiteral.java", "Java", 56, 0, 0, 0, 0, 15, 71
"c:\Users\class\Cyclone\src\org\nuim\cyclone\parser\ast\ASTMachine.java", "Java", 76, 0, 0, 0, 7, 13, 96
"c:\Users\class\Cyclone\src\org\nuim\cyclone\parser\ast\ASTMember.java", "Java", 51, 0, 0, 0, 5, 14, 70
"c:\Users\class\Cyclone\src\org\nuim\cyclone\parser\ast\ASTNode.java", "Java", 6, 0, 0, 0, 3, 2, 11
"c:\Users\class\Cyclone\src\org\nuim\cyclone\parser\ast\ASTState.java", "Java", 86, 0, 0, 0, 0, 19, 105
"c:\Users\class\Cyclone\src\org\nuim\cyclone\parser\ast\ASTStateModifier.java", "Java", 7, 0, 0, 0, 0, 1, 8
"c:\Users\class\Cyclone\src\org\nuim\cyclone\parser\ast\ASTTransition.java", "Java", 58, 0, 0, 0, 9, 16, 83
"c:\Users\class\Cyclone\src\org\nuim\cyclone\parser\ast\ASTUnaryExpression.java", "Java", 23, 0, 0, 0, 0, 8, 31
"c:\Users\class\Cyclone\src\org\nuim\cyclone\parser\ast\ASTVariable.java", "Java", 58, 0, 0, 0, 8, 9, 75
"c:\Users\class\Cyclone\src\org\nuim\cyclone\parser\ast\SemanticException.java", "Java", 28, 0, 0, 0, 4, 6, 38
"c:\Users\class\Cyclone\src\org\nuim\cyclone\parser\ast\SymTable.java", "Java", 26, 0, 0, 0, 0, 5, 31
"c:\Users\class\Cyclone\src\org\nuim\cyclone\parser\ast\SymTable64.java", "Java", 37, 0, 0, 0, 1, 9, 47
"c:\Users\class\Cyclone\src\org\nuim\cyclone\util\BitVector.java", "Java", 120, 0, 0, 0, 15, 39, 174
"c:\Users\class\Cyclone\src\org\nuim\cyclone\util\Color.java", "Java", 12, 0, 0, 0, 0, 2, 14
"c:\Users\class\Cyclone\src\org\nuim\cyclone\util\ColorPrint.java", "Java", 11, 0, 0, 0, 0, 5, 16
"c:\Users\class\Cyclone\src\org\nuim\cyclone\util\Entry.java", "Java", 23, 0, 0, 0, 0, 7, 30
"c:\Users\class\Cyclone\test\model\ModelTest.java", "Java", 41, 0, 0, 0, 3, 10, 54
"c:\Users\class\Cyclone\test\parser\ParserTest.java", "Java", 40, 0, 0, 0, 0, 8, 48
"Total", "-", 19633, 283, 80, 1078, 2908, 3193, 27175